jp_philosopher,jp_work,jp_chars,sep_slug,sep_chars,similarity,rank
Kuki Shūzō / 九鬼周造,"「いき」の構造 (The Structure of Iki, 1930)",50403,johann-herbart,145051,0.6622,1
Kuki Shūzō / 九鬼周造,"「いき」の構造 (The Structure of Iki, 1930)",50403,gangesa,114855,0.656,2
Kuki Shūzō / 九鬼周造,"「いき」の構造 (The Structure of Iki, 1930)",50403,condillac,96062,0.6552,3
Kuki Shūzō / 九鬼周造,"「いき」の構造 (The Structure of Iki, 1930)",50403,meinong,139971,0.6436,4
Kuki Shūzō / 九鬼周造,"「いき」の構造 (The Structure of Iki, 1930)",50403,hermann-lotze,99004,0.6401,5
Kuki Shūzō / 九鬼周造,"「いき」の構造 (The Structure of Iki, 1930)",50403,radulphus-brito,64884,0.6398,6
Kuki Shūzō / 九鬼周造,"「いき」の構造 (The Structure of Iki, 1930)",50403,abrabanel,57531,0.6277,7
Kuki Shūzō / 九鬼周造,"「いき」の構造 (The Structure of Iki, 1930)",50403,merleau-ponty,103995,0.6266,8
Kuki Shūzō / 九鬼周造,"「いき」の構造 (The Structure of Iki, 1930)",50403,robert-kilwardby,148886,0.6261,9
Kuki Shūzō / 九鬼周造,"「いき」の構造 (The Structure of Iki, 1930)",50403,burley,115565,0.6217,10
Kuki Shūzō / 九鬼周造,"「いき」の構造 (The Structure of Iki, 1930)",50403,ingarden,52942,0.621,11
Kuki Shūzō / 九鬼周造,"「いき」の構造 (The Structure of Iki, 1930)",50403,llull,65388,0.6187,12
Kuki Shūzō / 九鬼周造,"「いき」の構造 (The Structure of Iki, 1930)",50403,michel-henry,67455,0.6176,13
Kuki Shūzō / 九鬼周造,"「いき」の構造 (The Structure of Iki, 1930)",50403,henry-ghent,85659,0.6143,14
Kuki Shūzō / 九鬼周造,"「いき」の構造 (The Structure of Iki, 1930)",50403,ryle,105532,0.6134,15
Kuki Shūzō / 九鬼周造,"「いき」の構造 (The Structure of Iki, 1930)",50403,ibn-bajja,117735,0.6122,16
Kuki Shūzō / 九鬼周造,"「いき」の構造 (The Structure of Iki, 1930)",50403,lesniewski,100489,0.6117,17
Kuki Shūzō / 九鬼周造,"「いき」の構造 (The Structure of Iki, 1930)",50403,peter-spain,42361,0.6115,18
Kuki Shūzō / 九鬼周造,"「いき」の構造 (The Structure of Iki, 1930)",50403,dietrich-freiberg,79253,0.6097,19
Kuki Shūzō / 九鬼周造,"「いき」の構造 (The Structure of Iki, 1930)",50403,simon-faversham,45088,0.6065,20
Kuki Shūzō / 九鬼周造,"「いき」の構造 (The Structure of Iki, 1930)",50403,shankara,89230,0.6064,21
Kuki Shūzō / 九鬼周造,"「いき」の構造 (The Structure of Iki, 1930)",50403,kumaarila,103698,0.6062,22
Kuki Shūzō / 九鬼周造,"「いき」の構造 (The Structure of Iki, 1930)",50403,twardowski,79479,0.6054,23
Kuki Shūzō / 九鬼周造,"「いき」の構造 (The Structure of Iki, 1930)",50403,sharpe,50729,0.6046,24
Kuki Shūzō / 九鬼周造,"「いき」の構造 (The Structure of Iki, 1930)",50403,plotinus,95350,0.6038,25
Kuki Shūzō / 九鬼周造,"「いき」の構造 (The Structure of Iki, 1930)",50403,husserl,152478,0.6025,26
Kuki Shūzō / 九鬼周造,"「いき」の構造 (The Structure of Iki, 1930)",50403,schlegel-aw,92971,0.5993,27
Kuki Shūzō / 九鬼周造,"「いき」の構造 (The Structure of Iki, 1930)",50403,grice,60807,0.5992,28
Kuki Shūzō / 九鬼周造,"「いき」の構造 (The Structure of Iki, 1930)",50403,alyngton,60766,0.5977,29
Kuki Shūzō / 九鬼周造,"「いき」の構造 (The Structure of Iki, 1930)",50403,sriharsa,104242,0.5974,30
Kuki Shūzō / 九鬼周造,"「いき」の構造 (The Structure of Iki, 1930)",50403,erfurt,32262,0.5967,31
Kuki Shūzō / 九鬼周造,"「いき」の構造 (The Structure of Iki, 1930)",50403,boethius-dacia,54051,0.5966,32
Kuki Shūzō / 九鬼周造,"「いき」の構造 (The Structure of Iki, 1930)",50403,schiller,83194,0.5944,33
Kuki Shūzō / 九鬼周造,"「いき」の構造 (The Structure of Iki, 1930)",50403,ehrenfels,75699,0.5937,34
Kuki Shūzō / 九鬼周造,"「いき」の構造 (The Structure of Iki, 1930)",50403,abelard,89142,0.5927,35
Kuki Shūzō / 九鬼周造,"「いき」の構造 (The Structure of Iki, 1930)",50403,deleuze,120638,0.5923,36
Kuki Shūzō / 九鬼周造,"「いき」の構造 (The Structure of Iki, 1930)",50403,gomez-pereira,68999,0.5907,37
Kuki Shūzō / 九鬼周造,"「いき」の構造 (The Structure of Iki, 1930)",50403,sellars,117210,0.5907,38
Kuki Shūzō / 九鬼周造,"「いき」の構造 (The Structure of Iki, 1930)",50403,crathorn,24237,0.5881,39
Kuki Shūzō / 九鬼周造,"「いき」の構造 (The Structure of Iki, 1930)",50403,du-bos,38393,0.5879,40
Kuki Shūzō / 九鬼周造,"「いき」の構造 (The Structure of Iki, 1930)",50403,empedocles,77299,0.5871,41
Kuki Shūzō / 九鬼周造,"「いき」の構造 (The Structure of Iki, 1930)",50403,dilthey,85569,0.587,42
Kuki Shūzō / 九鬼周造,"「いき」の構造 (The Structure of Iki, 1930)",50403,nagarjuna,90278,0.5869,43
Kuki Shūzō / 九鬼周造,"「いき」の構造 (The Structure of Iki, 1930)",50403,paul-venice,94097,0.5864,44
Kuki Shūzō / 九鬼周造,"「いき」の構造 (The Structure of Iki, 1930)",50403,ricoeur,56670,0.5851,45
Kuki Shūzō / 九鬼周造,"「いき」の構造 (The Structure of Iki, 1930)",50403,kukai,117555,0.5845,46
Kuki Shūzō / 九鬼周造,"「いき」の構造 (The Structure of Iki, 1930)",50403,epicurus,70774,0.5844,47
Kuki Shūzō / 九鬼周造,"「いき」の構造 (The Structure of Iki, 1930)",50403,lefevre-etaples,88711,0.5837,48
Kuki Shūzō / 九鬼周造,"「いき」の構造 (The Structure of Iki, 1930)",50403,saantarak-sita,55734,0.5836,49
Kuki Shūzō / 九鬼周造,"「いき」の構造 (The Structure of Iki, 1930)",50403,madeleine-scudery,59378,0.5835,50
Miki Kiyoshi / 三木清,"人生論ノート (Notes on the Philosophy of Life, 1941)",72182,marcel,80460,0.7161,1
Miki Kiyoshi / 三木清,"人生論ノート (Notes on the Philosophy of Life, 1941)",72182,scheler,95052,0.71,2
Miki Kiyoshi / 三木清,"人生論ノート (Notes on the Philosophy of Life, 1941)",72182,spinoza,91786,0.7037,3
Miki Kiyoshi / 三木清,"人生論ノート (Notes on the Philosophy of Life, 1941)",72182,maimonides-islamic,149107,0.6948,4
Miki Kiyoshi / 三木清,"人生論ノート (Notes on the Philosophy of Life, 1941)",72182,stein,145387,0.6916,5
Miki Kiyoshi / 三木清,"人生論ノート (Notes on the Philosophy of Life, 1941)",72182,hutcheson,74415,0.6877,6
Miki Kiyoshi / 三木清,"人生論ノート (Notes on the Philosophy of Life, 1941)",72182,ludwig-feuerbach,117272,0.6859,7
Miki Kiyoshi / 三木清,"人生論ノート (Notes on the Philosophy of Life, 1941)",72182,schiller,83194,0.6845,8
Miki Kiyoshi / 三木清,"人生論ノート (Notes on the Philosophy of Life, 1941)",72182,antonio-rosmini,57060,0.683,9
Miki Kiyoshi / 三木清,"人生論ノート (Notes on the Philosophy of Life, 1941)",72182,edwards,55086,0.6828,10
Miki Kiyoshi / 三木清,"人生論ノート (Notes on the Philosophy of Life, 1941)",72182,abrabanel,57531,0.6802,11
Miki Kiyoshi / 三木清,"人生論ノート (Notes on the Philosophy of Life, 1941)",72182,buddha,50785,0.6786,12
Miki Kiyoshi / 三木清,"人生論ノート (Notes on the Philosophy of Life, 1941)",72182,maimonides,61859,0.6775,13
Miki Kiyoshi / 三木清,"人生論ノート (Notes on the Philosophy of Life, 1941)",72182,johann-herbart,145051,0.6728,14
Miki Kiyoshi / 三木清,"人生論ノート (Notes on the Philosophy of Life, 1941)",72182,anselm,44248,0.6701,15
Miki Kiyoshi / 三木清,"人生論ノート (Notes on the Philosophy of Life, 1941)",72182,nagarjuna,90278,0.6673,16
Miki Kiyoshi / 三木清,"人生論ノート (Notes on the Philosophy of Life, 1941)",72182,cardano,83556,0.6666,17
Miki Kiyoshi / 三木清,"人生論ノート (Notes on the Philosophy of Life, 1941)",72182,olivi,102678,0.6657,18
Miki Kiyoshi / 三木清,"人生論ノート (Notes on the Philosophy of Life, 1941)",72182,astell,83883,0.6648,19
Miki Kiyoshi / 三木清,"人生論ノート (Notes on the Philosophy of Life, 1941)",72182,ricoeur,56670,0.6646,20
Miki Kiyoshi / 三木清,"人生論ノート (Notes on the Philosophy of Life, 1941)",72182,mulla-sadra,116952,0.6646,21
Miki Kiyoshi / 三木清,"人生論ノート (Notes on the Philosophy of Life, 1941)",72182,dilthey,85569,0.6636,22
Miki Kiyoshi / 三木清,"人生論ノート (Notes on the Philosophy of Life, 1941)",72182,william-auvergne,87618,0.6608,23
Miki Kiyoshi / 三木清,"人生論ノート (Notes on the Philosophy of Life, 1941)",72182,schopenhauer,83036,0.6598,24
Miki Kiyoshi / 三木清,"人生論ノート (Notes on the Philosophy of Life, 1941)",72182,albalag,82100,0.6597,25
Miki Kiyoshi / 三木清,"人生論ノート (Notes on the Philosophy of Life, 1941)",72182,arnauld,130687,0.6591,26
Miki Kiyoshi / 三木清,"人生論ノート (Notes on the Philosophy of Life, 1941)",72182,simone-weil,78561,0.6589,27
Miki Kiyoshi / 三木清,"人生論ノート (Notes on the Philosophy of Life, 1941)",72182,henry-ghent,85659,0.6561,28
Miki Kiyoshi / 三木清,"人生論ノート (Notes on the Philosophy of Life, 1941)",72182,richard-price,96378,0.6552,29
Miki Kiyoshi / 三木清,"人生論ノート (Notes on the Philosophy of Life, 1941)",72182,abelard,89142,0.6539,30
Miki Kiyoshi / 三木清,"人生論ノート (Notes on the Philosophy of Life, 1941)",72182,gasset,181593,0.6537,31
Miki Kiyoshi / 三木清,"人生論ノート (Notes on the Philosophy of Life, 1941)",72182,hartley,87906,0.6533,32
Miki Kiyoshi / 三木清,"人生論ノート (Notes on the Philosophy of Life, 1941)",72182,halevi,90029,0.653,33
Miki Kiyoshi / 三木清,"人生論ノート (Notes on the Philosophy of Life, 1941)",72182,augustine,189535,0.6513,34
Miki Kiyoshi / 三木清,"人生論ノート (Notes on the Philosophy of Life, 1941)",72182,marcus-aurelius,52698,0.651,35
Miki Kiyoshi / 三木清,"人生論ノート (Notes on the Philosophy of Life, 1941)",72182,mendelssohn,82159,0.6508,36
Miki Kiyoshi / 三木清,"人生論ノート (Notes on the Philosophy of Life, 1941)",72182,meister-eckhart,109470,0.6508,37
Miki Kiyoshi / 三木清,"人生論ノート (Notes on the Philosophy of Life, 1941)",72182,husserl,152478,0.6506,38
Miki Kiyoshi / 三木清,"人生論ノート (Notes on the Philosophy of Life, 1941)",72182,scottus-eriugena,94103,0.6496,39
Miki Kiyoshi / 三木清,"人生論ノート (Notes on the Philosophy of Life, 1941)",72182,levinas,205903,0.6488,40
Miki Kiyoshi / 三木清,"人生論ノート (Notes on the Philosophy of Life, 1941)",72182,empedocles,77299,0.6487,41
Miki Kiyoshi / 三木清,"人生論ノート (Notes on the Philosophy of Life, 1941)",72182,shantideva,72337,0.6486,42
Miki Kiyoshi / 三木清,"人生論ノート (Notes on the Philosophy of Life, 1941)",72182,reid,181211,0.6478,43
Miki Kiyoshi / 三木清,"人生論ノート (Notes on the Philosophy of Life, 1941)",72182,aquinas,116371,0.6469,44
Miki Kiyoshi / 三木清,"人生論ノート (Notes on the Philosophy of Life, 1941)",72182,malebranche,65124,0.6467,45
Miki Kiyoshi / 三木清,"人生論ノート (Notes on the Philosophy of Life, 1941)",72182,epictetus,42904,0.6457,46
Miki Kiyoshi / 三木清,"人生論ノート (Notes on the Philosophy of Life, 1941)",72182,herder,168258,0.6436,47
Miki Kiyoshi / 三木清,"人生論ノート (Notes on the Philosophy of Life, 1941)",72182,gomez-pereira,68999,0.6421,48
Miki Kiyoshi / 三木清,"人生論ノート (Notes on the Philosophy of Life, 1941)",72182,rosenstock-huessy,97123,0.6412,49
Miki Kiyoshi / 三木清,"人生論ノート (Notes on the Philosophy of Life, 1941)",72182,michel-henry,67455,0.6408,50
Miki Kiyoshi / 三木清,"哲学入門 (Introduction to Philosophy, 1940)",110996,gangesa,114855,0.6071,1
Miki Kiyoshi / 三木清,"哲学入門 (Introduction to Philosophy, 1940)",110996,saantarak-sita,55734,0.599,2
Miki Kiyoshi / 三木清,"哲学入門 (Introduction to Philosophy, 1940)",110996,kumaarila,103698,0.5819,3
Miki Kiyoshi / 三木清,"哲学入門 (Introduction to Philosophy, 1940)",110996,dharmakiirti,107124,0.57,4
Miki Kiyoshi / 三木清,"哲学入門 (Introduction to Philosophy, 1940)",110996,frege,117516,0.5668,5
Miki Kiyoshi / 三木清,"哲学入門 (Introduction to Philosophy, 1940)",110996,church,149178,0.5657,6
Miki Kiyoshi / 三木清,"哲学入門 (Introduction to Philosophy, 1940)",110996,kukai,117555,0.5643,7
Miki Kiyoshi / 三木清,"哲学入門 (Introduction to Philosophy, 1940)",110996,zhuangzi,132308,0.5608,8
Miki Kiyoshi / 三木清,"哲学入門 (Introduction to Philosophy, 1940)",110996,xunzi,52292,0.5548,9
Miki Kiyoshi / 三木清,"哲学入門 (Introduction to Philosophy, 1940)",110996,grice,60807,0.5527,10
Miki Kiyoshi / 三木清,"哲学入門 (Introduction to Philosophy, 1940)",110996,lesniewski,100489,0.5487,11
Miki Kiyoshi / 三木清,"哲学入門 (Introduction to Philosophy, 1940)",110996,sriharsa,104242,0.5437,12
Miki Kiyoshi / 三木清,"哲学入門 (Introduction to Philosophy, 1940)",110996,ibn-kammuna,58550,0.5408,13
Miki Kiyoshi / 三木清,"哲学入門 (Introduction to Philosophy, 1940)",110996,umar-khayyam,94432,0.539,14
Miki Kiyoshi / 三木清,"哲学入門 (Introduction to Philosophy, 1940)",110996,ibn-arabi,89646,0.5383,15
Miki Kiyoshi / 三木清,"哲学入門 (Introduction to Philosophy, 1940)",110996,lukasiewicz,83393,0.5352,16
Miki Kiyoshi / 三木清,"哲学入門 (Introduction to Philosophy, 1940)",110996,ibn-sina,77240,0.5348,17
Miki Kiyoshi / 三木清,"哲学入門 (Introduction to Philosophy, 1940)",110996,sakya-pandita,61059,0.5333,18
Miki Kiyoshi / 三木清,"哲学入門 (Introduction to Philosophy, 1940)",110996,al-din-al-razi,83443,0.5281,19
Miki Kiyoshi / 三木清,"哲学入門 (Introduction to Philosophy, 1940)",110996,tsongkhapa,82475,0.5277,20
Miki Kiyoshi / 三木清,"哲学入門 (Introduction to Philosophy, 1940)",110996,laozi,117361,0.5242,21
Miki Kiyoshi / 三木清,"哲学入門 (Introduction to Philosophy, 1940)",110996,jayaraasi,54565,0.5206,22
Miki Kiyoshi / 三木清,"哲学入門 (Introduction to Philosophy, 1940)",110996,al-ghazali,101966,0.5201,23
Miki Kiyoshi / 三木清,"哲学入門 (Introduction to Philosophy, 1940)",110996,heytesbury,85920,0.519,24
Miki Kiyoshi / 三木清,"哲学入門 (Introduction to Philosophy, 1940)",110996,goedel,127795,0.5187,25
Miki Kiyoshi / 三木清,"哲学入門 (Introduction to Philosophy, 1940)",110996,al-farabi,47405,0.5181,26
Miki Kiyoshi / 三木清,"哲学入門 (Introduction to Philosophy, 1940)",110996,xenocrates,42984,0.5164,27
Miki Kiyoshi / 三木清,"哲学入門 (Introduction to Philosophy, 1940)",110996,shantideva,72337,0.5159,28
Miki Kiyoshi / 三木清,"哲学入門 (Introduction to Philosophy, 1940)",110996,ramsey,157347,0.5153,29
Miki Kiyoshi / 三木清,"哲学入門 (Introduction to Philosophy, 1940)",110996,bolzano,155132,0.5143,30
Miki Kiyoshi / 三木清,"哲学入門 (Introduction to Philosophy, 1940)",110996,tibbon,63044,0.5128,31
Miki Kiyoshi / 三木清,"哲学入門 (Introduction to Philosophy, 1940)",110996,meinong,139971,0.5109,32
Miki Kiyoshi / 三木清,"哲学入門 (Introduction to Philosophy, 1940)",110996,nishida-kitaro,125671,0.5084,33
Miki Kiyoshi / 三木清,"哲学入門 (Introduction to Philosophy, 1940)",110996,carnap,210237,0.5081,34
Miki Kiyoshi / 三木清,"哲学入門 (Introduction to Philosophy, 1940)",110996,abu-bakr-al-razi,47989,0.506,35
Miki Kiyoshi / 三木清,"哲学入門 (Introduction to Philosophy, 1940)",110996,wittgenstein,85691,0.5035,36
Miki Kiyoshi / 三木清,"哲学入門 (Introduction to Philosophy, 1940)",110996,ibn-gabirol,87218,0.5028,37
Miki Kiyoshi / 三木清,"哲学入門 (Introduction to Philosophy, 1940)",110996,peter-spain,42361,0.5025,38
Miki Kiyoshi / 三木清,"哲学入門 (Introduction to Philosophy, 1940)",110996,radulphus-brito,64884,0.5015,39
Miki Kiyoshi / 三木清,"哲学入門 (Introduction to Philosophy, 1940)",110996,boole,88621,0.5012,40
Miki Kiyoshi / 三木清,"哲学入門 (Introduction to Philosophy, 1940)",110996,boethius-dacia,54051,0.5011,41
Miki Kiyoshi / 三木清,"哲学入門 (Introduction to Philosophy, 1940)",110996,ibn-rushd,137877,0.4996,42
Miki Kiyoshi / 三木清,"哲学入門 (Introduction to Philosophy, 1940)",110996,robert-kilwardby,148886,0.4967,43
Miki Kiyoshi / 三木清,"哲学入門 (Introduction to Philosophy, 1940)",110996,maimonides-islamic,149107,0.4961,44
Miki Kiyoshi / 三木清,"哲学入門 (Introduction to Philosophy, 1940)",110996,sextus-empiricus,109548,0.4941,45
Miki Kiyoshi / 三木清,"哲学入門 (Introduction to Philosophy, 1940)",110996,findlay,87164,0.4927,46
Miki Kiyoshi / 三木清,"哲学入門 (Introduction to Philosophy, 1940)",110996,albalag,82100,0.4918,47
Miki Kiyoshi / 三木清,"哲学入門 (Introduction to Philosophy, 1940)",110996,llull,65388,0.4895,48
Miki Kiyoshi / 三木清,"哲学入門 (Introduction to Philosophy, 1940)",110996,zhu-xi,111196,0.489,49
Miki Kiyoshi / 三木清,"哲学入門 (Introduction to Philosophy, 1940)",110996,karl-reinhold,71721,0.4883,50
Nishida Kitarō / 西田幾多郎,"善の研究 (An Inquiry into the Good, 1911)",124635,johann-herbart,145051,0.845,1
Nishida Kitarō / 西田幾多郎,"善の研究 (An Inquiry into the Good, 1911)",124635,nagarjuna,90278,0.8302,2
Nishida Kitarō / 西田幾多郎,"善の研究 (An Inquiry into the Good, 1911)",124635,shankara,89230,0.8288,3
Nishida Kitarō / 西田幾多郎,"善の研究 (An Inquiry into the Good, 1911)",124635,paul-venice,94097,0.7967,4
Nishida Kitarō / 西田幾多郎,"善の研究 (An Inquiry into the Good, 1911)",124635,hermann-lotze,99004,0.7964,5
Nishida Kitarō / 西田幾多郎,"善の研究 (An Inquiry into the Good, 1911)",124635,sriharsa,104242,0.7936,6
Nishida Kitarō / 西田幾多郎,"善の研究 (An Inquiry into the Good, 1911)",124635,meinong,139971,0.7836,7
Nishida Kitarō / 西田幾多郎,"善の研究 (An Inquiry into the Good, 1911)",124635,burley,115565,0.7832,8
Nishida Kitarō / 西田幾多郎,"善の研究 (An Inquiry into the Good, 1911)",124635,wilhelm-wundt,83520,0.7826,9
Nishida Kitarō / 西田幾多郎,"善の研究 (An Inquiry into the Good, 1911)",124635,penbygull,21640,0.7801,10
Nishida Kitarō / 西田幾多郎,"善の研究 (An Inquiry into the Good, 1911)",124635,broad,78488,0.779,11
Nishida Kitarō / 西田幾多郎,"善の研究 (An Inquiry into the Good, 1911)",124635,olivi,102678,0.7763,12
Nishida Kitarō / 西田幾多郎,"善の研究 (An Inquiry into the Good, 1911)",124635,mary-shepherd,62884,0.7745,13
Nishida Kitarō / 西田幾多郎,"善の研究 (An Inquiry into the Good, 1911)",124635,henry-ghent,85659,0.7732,14
Nishida Kitarō / 西田幾多郎,"善の研究 (An Inquiry into the Good, 1911)",124635,robert-kilwardby,148886,0.7714,15
Nishida Kitarō / 西田幾多郎,"善の研究 (An Inquiry into the Good, 1911)",124635,plotinus,95350,0.7713,16
Nishida Kitarō / 西田幾多郎,"善の研究 (An Inquiry into the Good, 1911)",124635,antonio-rosmini,57060,0.7663,17
Nishida Kitarō / 西田幾多郎,"善の研究 (An Inquiry into the Good, 1911)",124635,husserl,152478,0.7649,18
Nishida Kitarō / 西田幾多郎,"善の研究 (An Inquiry into the Good, 1911)",124635,gangesa,114855,0.7634,19
Nishida Kitarō / 西田幾多郎,"善の研究 (An Inquiry into the Good, 1911)",124635,condillac,96062,0.7612,20
Nishida Kitarō / 西田幾多郎,"善の研究 (An Inquiry into the Good, 1911)",124635,sharpe,50729,0.7605,21
Nishida Kitarō / 西田幾多郎,"善の研究 (An Inquiry into the Good, 1911)",124635,ryle,105532,0.7591,22
Nishida Kitarō / 西田幾多郎,"善の研究 (An Inquiry into the Good, 1911)",124635,dilthey,85569,0.758,23
Nishida Kitarō / 西田幾多郎,"善の研究 (An Inquiry into the Good, 1911)",124635,nicolai-hartmann,106622,0.758,24
Nishida Kitarō / 西田幾多郎,"善の研究 (An Inquiry into the Good, 1911)",124635,alyngton,60766,0.7559,25
Nishida Kitarō / 西田幾多郎,"善の研究 (An Inquiry into the Good, 1911)",124635,spinoza,91786,0.7547,26
Nishida Kitarō / 西田幾多郎,"善の研究 (An Inquiry into the Good, 1911)",124635,stein,145387,0.7536,27
Nishida Kitarō / 西田幾多郎,"善の研究 (An Inquiry into the Good, 1911)",124635,gomez-pereira,68999,0.7523,28
Nishida Kitarō / 西田幾多郎,"善の研究 (An Inquiry into the Good, 1911)",124635,sellars,117210,0.7489,29
Nishida Kitarō / 西田幾多郎,"善の研究 (An Inquiry into the Good, 1911)",124635,heinrich-rickert,108833,0.7488,30
Nishida Kitarō / 西田幾多郎,"善の研究 (An Inquiry into the Good, 1911)",124635,reid,181211,0.7487,31
Nishida Kitarō / 西田幾多郎,"善の研究 (An Inquiry into the Good, 1911)",124635,vasubandhu,116641,0.7472,32
Nishida Kitarō / 西田幾多郎,"善の研究 (An Inquiry into the Good, 1911)",124635,wyclif,131895,0.7467,33
Nishida Kitarō / 西田幾多郎,"善の研究 (An Inquiry into the Good, 1911)",124635,desgabets,57875,0.745,34
Nishida Kitarō / 西田幾多郎,"善の研究 (An Inquiry into the Good, 1911)",124635,radulphus-brito,64884,0.7434,35
Nishida Kitarō / 西田幾多郎,"善の研究 (An Inquiry into the Good, 1911)",124635,nishida-kitaro,125671,0.7419,36
Nishida Kitarō / 西田幾多郎,"善の研究 (An Inquiry into the Good, 1911)",124635,merleau-ponty,103995,0.7414,37
Nishida Kitarō / 西田幾多郎,"善の研究 (An Inquiry into the Good, 1911)",124635,gasset,181593,0.7411,38
Nishida Kitarō / 西田幾多郎,"善の研究 (An Inquiry into the Good, 1911)",124635,mill,116650,0.7397,39
Nishida Kitarō / 西田幾多郎,"善の研究 (An Inquiry into the Good, 1911)",124635,simon-faversham,45088,0.7371,40
Nishida Kitarō / 西田幾多郎,"善の研究 (An Inquiry into the Good, 1911)",124635,saantarak-sita,55734,0.7343,41
Nishida Kitarō / 西田幾多郎,"善の研究 (An Inquiry into the Good, 1911)",124635,walter-chatton,110366,0.7341,42
Nishida Kitarō / 西田幾多郎,"善の研究 (An Inquiry into the Good, 1911)",124635,mally,67597,0.7328,43
Nishida Kitarō / 西田幾多郎,"善の研究 (An Inquiry into the Good, 1911)",124635,kant,148977,0.7309,44
Nishida Kitarō / 西田幾多郎,"善の研究 (An Inquiry into the Good, 1911)",124635,reinach,41703,0.7293,45
Nishida Kitarō / 西田幾多郎,"善の研究 (An Inquiry into the Good, 1911)",124635,marcel,80460,0.7285,46
Nishida Kitarō / 西田幾多郎,"善の研究 (An Inquiry into the Good, 1911)",124635,scheler,95052,0.7282,47
Nishida Kitarō / 西田幾多郎,"善の研究 (An Inquiry into the Good, 1911)",124635,lewis-ci,137094,0.7264,48
Nishida Kitarō / 西田幾多郎,"善の研究 (An Inquiry into the Good, 1911)",124635,wolff-christian,125458,0.7262,49
Nishida Kitarō / 西田幾多郎,"善の研究 (An Inquiry into the Good, 1911)",124635,wilhelm-windelband,71324,0.726,50
Nishida Kitarō / 西田幾多郎,"絶対矛盾的自己同一 (Absolute Contradictory Self-Identity, 1939)",50322,lesniewski,100489,0.5583,1
Nishida Kitarō / 西田幾多郎,"絶対矛盾的自己同一 (Absolute Contradictory Self-Identity, 1939)",50322,gangesa,114855,0.5542,2
Nishida Kitarō / 西田幾多郎,"絶対矛盾的自己同一 (Absolute Contradictory Self-Identity, 1939)",50322,frege,117516,0.5361,3
Nishida Kitarō / 西田幾多郎,"絶対矛盾的自己同一 (Absolute Contradictory Self-Identity, 1939)",50322,boole,88621,0.534,4
Nishida Kitarō / 西田幾多郎,"絶対矛盾的自己同一 (Absolute Contradictory Self-Identity, 1939)",50322,goedel,127795,0.5241,5
Nishida Kitarō / 西田幾多郎,"絶対矛盾的自己同一 (Absolute Contradictory Self-Identity, 1939)",50322,kumaarila,103698,0.5192,6
Nishida Kitarō / 西田幾多郎,"絶対矛盾的自己同一 (Absolute Contradictory Self-Identity, 1939)",50322,church,149178,0.5157,7
Nishida Kitarō / 西田幾多郎,"絶対矛盾的自己同一 (Absolute Contradictory Self-Identity, 1939)",50322,saantarak-sita,55734,0.5086,8
Nishida Kitarō / 西田幾多郎,"絶対矛盾的自己同一 (Absolute Contradictory Self-Identity, 1939)",50322,sriharsa,104242,0.492,9
Nishida Kitarō / 西田幾多郎,"絶対矛盾的自己同一 (Absolute Contradictory Self-Identity, 1939)",50322,jayaraasi,54565,0.4802,10
Nishida Kitarō / 西田幾多郎,"絶対矛盾的自己同一 (Absolute Contradictory Self-Identity, 1939)",50322,umar-khayyam,94432,0.4732,11
Nishida Kitarō / 西田幾多郎,"絶対矛盾的自己同一 (Absolute Contradictory Self-Identity, 1939)",50322,dharmakiirti,107124,0.4715,12
Nishida Kitarō / 西田幾多郎,"絶対矛盾的自己同一 (Absolute Contradictory Self-Identity, 1939)",50322,heytesbury,85920,0.4644,13
Nishida Kitarō / 西田幾多郎,"絶対矛盾的自己同一 (Absolute Contradictory Self-Identity, 1939)",50322,lukasiewicz,83393,0.4588,14
Nishida Kitarō / 西田幾多郎,"絶対矛盾的自己同一 (Absolute Contradictory Self-Identity, 1939)",50322,bolzano,155132,0.4587,15
Nishida Kitarō / 西田幾多郎,"絶対矛盾的自己同一 (Absolute Contradictory Self-Identity, 1939)",50322,peter-spain,42361,0.456,16
Nishida Kitarō / 西田幾多郎,"絶対矛盾的自己同一 (Absolute Contradictory Self-Identity, 1939)",50322,goodman,89248,0.4464,17
Nishida Kitarō / 西田幾多郎,"絶対矛盾的自己同一 (Absolute Contradictory Self-Identity, 1939)",50322,xenocrates,42984,0.4407,18
Nishida Kitarō / 西田幾多郎,"絶対矛盾的自己同一 (Absolute Contradictory Self-Identity, 1939)",50322,grice,60807,0.4403,19
Nishida Kitarō / 西田幾多郎,"絶対矛盾的自己同一 (Absolute Contradictory Self-Identity, 1939)",50322,ibn-arabi,89646,0.4369,20
Nishida Kitarō / 西田幾多郎,"絶対矛盾的自己同一 (Absolute Contradictory Self-Identity, 1939)",50322,tarski,86038,0.4367,21
Nishida Kitarō / 西田幾多郎,"絶対矛盾的自己同一 (Absolute Contradictory Self-Identity, 1939)",50322,william-sherwood,33278,0.4358,22
Nishida Kitarō / 西田幾多郎,"絶対矛盾的自己同一 (Absolute Contradictory Self-Identity, 1939)",50322,meinong,139971,0.4334,23
Nishida Kitarō / 西田幾多郎,"絶対矛盾的自己同一 (Absolute Contradictory Self-Identity, 1939)",50322,johann-herbart,145051,0.4334,24
Nishida Kitarō / 西田幾多郎,"絶対矛盾的自己同一 (Absolute Contradictory Self-Identity, 1939)",50322,shankara,89230,0.4329,25
Nishida Kitarō / 西田幾多郎,"絶対矛盾的自己同一 (Absolute Contradictory Self-Identity, 1939)",50322,ramsey,157347,0.429,26
Nishida Kitarō / 西田幾多郎,"絶対矛盾的自己同一 (Absolute Contradictory Self-Identity, 1939)",50322,hempel,112538,0.4274,27
Nishida Kitarō / 西田幾多郎,"絶対矛盾的自己同一 (Absolute Contradictory Self-Identity, 1939)",50322,kukai,117555,0.4208,28
Nishida Kitarō / 西田幾多郎,"絶対矛盾的自己同一 (Absolute Contradictory Self-Identity, 1939)",50322,erfurt,32262,0.4198,29
Nishida Kitarō / 西田幾多郎,"絶対矛盾的自己同一 (Absolute Contradictory Self-Identity, 1939)",50322,carnap,210237,0.4194,30
Nishida Kitarō / 西田幾多郎,"絶対矛盾的自己同一 (Absolute Contradictory Self-Identity, 1939)",50322,al-din-al-razi,83443,0.4193,31
Nishida Kitarō / 西田幾多郎,"絶対矛盾的自己同一 (Absolute Contradictory Self-Identity, 1939)",50322,ibn-kammuna,58550,0.4188,32
Nishida Kitarō / 西田幾多郎,"絶対矛盾的自己同一 (Absolute Contradictory Self-Identity, 1939)",50322,ehrenfels,75699,0.414,33
Nishida Kitarō / 西田幾多郎,"絶対矛盾的自己同一 (Absolute Contradictory Self-Identity, 1939)",50322,lambert-auxerre,31294,0.4136,34
Nishida Kitarō / 西田幾多郎,"絶対矛盾的自己同一 (Absolute Contradictory Self-Identity, 1939)",50322,ibn-bajja,117735,0.4135,35
Nishida Kitarō / 西田幾多郎,"絶対矛盾的自己同一 (Absolute Contradictory Self-Identity, 1939)",50322,xunzi,52292,0.4108,36
Nishida Kitarō / 西田幾多郎,"絶対矛盾的自己同一 (Absolute Contradictory Self-Identity, 1939)",50322,burley,115565,0.4106,37
Nishida Kitarō / 西田幾多郎,"絶対矛盾的自己同一 (Absolute Contradictory Self-Identity, 1939)",50322,radulphus-brito,64884,0.4104,38
Nishida Kitarō / 西田幾多郎,"絶対矛盾的自己同一 (Absolute Contradictory Self-Identity, 1939)",50322,plotinus,95350,0.41,39
Nishida Kitarō / 西田幾多郎,"絶対矛盾的自己同一 (Absolute Contradictory Self-Identity, 1939)",50322,sharpe,50729,0.4099,40
Nishida Kitarō / 西田幾多郎,"絶対矛盾的自己同一 (Absolute Contradictory Self-Identity, 1939)",50322,al-ghazali,101966,0.4092,41
Nishida Kitarō / 西田幾多郎,"絶対矛盾的自己同一 (Absolute Contradictory Self-Identity, 1939)",50322,nagarjuna,90278,0.4031,42
Nishida Kitarō / 西田幾多郎,"絶対矛盾的自己同一 (Absolute Contradictory Self-Identity, 1939)",50322,al-farabi,47405,0.403,43
Nishida Kitarō / 西田幾多郎,"絶対矛盾的自己同一 (Absolute Contradictory Self-Identity, 1939)",50322,ibn-rushd,137877,0.4005,44
Nishida Kitarō / 西田幾多郎,"絶対矛盾的自己同一 (Absolute Contradictory Self-Identity, 1939)",50322,shantideva,72337,0.4004,45
Nishida Kitarō / 西田幾多郎,"絶対矛盾的自己同一 (Absolute Contradictory Self-Identity, 1939)",50322,boethius-dacia,54051,0.3955,46
Nishida Kitarō / 西田幾多郎,"絶対矛盾的自己同一 (Absolute Contradictory Self-Identity, 1939)",50322,tibbon,63044,0.3955,47
Nishida Kitarō / 西田幾多郎,"絶対矛盾的自己同一 (Absolute Contradictory Self-Identity, 1939)",50322,penbygull,21640,0.3954,48
Nishida Kitarō / 西田幾多郎,"絶対矛盾的自己同一 (Absolute Contradictory Self-Identity, 1939)",50322,robert-kilwardby,148886,0.3947,49
Nishida Kitarō / 西田幾多郎,"絶対矛盾的自己同一 (Absolute Contradictory Self-Identity, 1939)",50322,tsongkhapa,82475,0.3925,50
Miki Kiyoshi / 三木清,"語られざる哲学 (The Unspoken Philosophy, 1927)",54996,gangesa,114855,0.7443,1
Miki Kiyoshi / 三木清,"語られざる哲学 (The Unspoken Philosophy, 1927)",54996,kumaarila,103698,0.7377,2
Miki Kiyoshi / 三木清,"語られざる哲学 (The Unspoken Philosophy, 1927)",54996,saantarak-sita,55734,0.7353,3
Miki Kiyoshi / 三木清,"語られざる哲学 (The Unspoken Philosophy, 1927)",54996,kukai,117555,0.7242,4
Miki Kiyoshi / 三木清,"語られざる哲学 (The Unspoken Philosophy, 1927)",54996,shantideva,72337,0.7078,5
Miki Kiyoshi / 三木清,"語られざる哲学 (The Unspoken Philosophy, 1927)",54996,dharmakiirti,107124,0.7008,6
Miki Kiyoshi / 三木清,"語られざる哲学 (The Unspoken Philosophy, 1927)",54996,xunzi,52292,0.6981,7
Miki Kiyoshi / 三木清,"語られざる哲学 (The Unspoken Philosophy, 1927)",54996,umar-khayyam,94432,0.6887,8
Miki Kiyoshi / 三木清,"語られざる哲学 (The Unspoken Philosophy, 1927)",54996,iamblichus,107043,0.6861,9
Miki Kiyoshi / 三木清,"語られざる哲学 (The Unspoken Philosophy, 1927)",54996,ibn-sina,77240,0.6854,10
Miki Kiyoshi / 三木清,"語られざる哲学 (The Unspoken Philosophy, 1927)",54996,boethius-dacia,54051,0.6853,11
Miki Kiyoshi / 三木清,"語られざる哲学 (The Unspoken Philosophy, 1927)",54996,ibn-arabi,89646,0.6846,12
Miki Kiyoshi / 三木清,"語られざる哲学 (The Unspoken Philosophy, 1927)",54996,peter-spain,42361,0.682,13
Miki Kiyoshi / 三木清,"語られざる哲学 (The Unspoken Philosophy, 1927)",54996,ibn-bajja,117735,0.6798,14
Miki Kiyoshi / 三木清,"語られざる哲学 (The Unspoken Philosophy, 1927)",54996,robert-kilwardby,148886,0.6794,15
Miki Kiyoshi / 三木清,"語られざる哲学 (The Unspoken Philosophy, 1927)",54996,jayaraasi,54565,0.6778,16
Miki Kiyoshi / 三木清,"語られざる哲学 (The Unspoken Philosophy, 1927)",54996,sakya-pandita,61059,0.6762,17
Miki Kiyoshi / 三木清,"語られざる哲学 (The Unspoken Philosophy, 1927)",54996,meinong,139971,0.6733,18
Miki Kiyoshi / 三木清,"語られざる哲学 (The Unspoken Philosophy, 1927)",54996,shankara,89230,0.6688,19
Miki Kiyoshi / 三木清,"語られざる哲学 (The Unspoken Philosophy, 1927)",54996,al-din-al-razi,83443,0.6683,20
Miki Kiyoshi / 三木清,"語られざる哲学 (The Unspoken Philosophy, 1927)",54996,tsongkhapa,82475,0.6679,21
Miki Kiyoshi / 三木清,"語られざる哲学 (The Unspoken Philosophy, 1927)",54996,ibn-gabirol,87218,0.666,22
Miki Kiyoshi / 三木清,"語られざる哲学 (The Unspoken Philosophy, 1927)",54996,ibn-rushd,137877,0.6657,23
Miki Kiyoshi / 三木清,"語られざる哲学 (The Unspoken Philosophy, 1927)",54996,ibn-kammuna,58550,0.6652,24
Miki Kiyoshi / 三木清,"語られざる哲学 (The Unspoken Philosophy, 1927)",54996,radulphus-brito,64884,0.6639,25
Miki Kiyoshi / 三木清,"語られざる哲学 (The Unspoken Philosophy, 1927)",54996,nishida-kitaro,125671,0.6638,26
Miki Kiyoshi / 三木清,"語られざる哲学 (The Unspoken Philosophy, 1927)",54996,scottus-eriugena,94103,0.6616,27
Miki Kiyoshi / 三木清,"語られざる哲学 (The Unspoken Philosophy, 1927)",54996,mulla-sadra,116952,0.6608,28
Miki Kiyoshi / 三木清,"語られざる哲学 (The Unspoken Philosophy, 1927)",54996,maimonides-islamic,149107,0.6605,29
Miki Kiyoshi / 三木清,"語られざる哲学 (The Unspoken Philosophy, 1927)",54996,llull,65388,0.6605,30
Miki Kiyoshi / 三木清,"語られざる哲学 (The Unspoken Philosophy, 1927)",54996,plotinus,95350,0.6571,31
Miki Kiyoshi / 三木清,"語られざる哲学 (The Unspoken Philosophy, 1927)",54996,abrabanel,57531,0.657,32
Miki Kiyoshi / 三木清,"語られざる哲学 (The Unspoken Philosophy, 1927)",54996,zhuangzi,132308,0.6561,33
Miki Kiyoshi / 三木清,"語られざる哲学 (The Unspoken Philosophy, 1927)",54996,al-farabi,47405,0.656,34
Miki Kiyoshi / 三木清,"語られざる哲学 (The Unspoken Philosophy, 1927)",54996,abu-bakr-al-razi,47989,0.6558,35
Miki Kiyoshi / 三木清,"語られざる哲学 (The Unspoken Philosophy, 1927)",54996,rosenstock-huessy,97123,0.6547,36
Miki Kiyoshi / 三木清,"語られざる哲学 (The Unspoken Philosophy, 1927)",54996,hermann-lotze,99004,0.6546,37
Miki Kiyoshi / 三木清,"語られざる哲学 (The Unspoken Philosophy, 1927)",54996,heytesbury,85920,0.6533,38
Miki Kiyoshi / 三木清,"語られざる哲学 (The Unspoken Philosophy, 1927)",54996,gorampa,40034,0.6532,39
Miki Kiyoshi / 三木清,"語られざる哲学 (The Unspoken Philosophy, 1927)",54996,vasubandhu,116641,0.6522,40
Miki Kiyoshi / 三木清,"語られざる哲学 (The Unspoken Philosophy, 1927)",54996,epictetus,42904,0.652,41
Miki Kiyoshi / 三木清,"語られざる哲学 (The Unspoken Philosophy, 1927)",54996,wyclif,131895,0.6514,42
Miki Kiyoshi / 三木清,"語られざる哲学 (The Unspoken Philosophy, 1927)",54996,pseudo-dionysius-areopagite,75315,0.6509,43
Miki Kiyoshi / 三木清,"語られざる哲学 (The Unspoken Philosophy, 1927)",54996,erfurt,32262,0.6486,44
Miki Kiyoshi / 三木清,"語られざる哲学 (The Unspoken Philosophy, 1927)",54996,xenocrates,42984,0.6471,45
Miki Kiyoshi / 三木清,"語られざる哲学 (The Unspoken Philosophy, 1927)",54996,al-ghazali,101966,0.6466,46
Miki Kiyoshi / 三木清,"語られざる哲学 (The Unspoken Philosophy, 1927)",54996,meister-eckhart,109470,0.6465,47
Miki Kiyoshi / 三木清,"語られざる哲学 (The Unspoken Philosophy, 1927)",54996,heidegger,197896,0.6465,48
Miki Kiyoshi / 三木清,"語られざる哲学 (The Unspoken Philosophy, 1927)",54996,buridan,87906,0.6461,49
Miki Kiyoshi / 三木清,"語られざる哲学 (The Unspoken Philosophy, 1927)",54996,suhrawardi,108375,0.645,50
